{
	"class_name" : "PinholeCameraParameters",
	"extrinsic" : 
	[
		1.0,
		-0.0,
		-0.0,
		0.0,
		0.0,
		-1.0,
		-0.0,
		0.0,
		0.0,
		-0.0,
		-1.0,
		0.0,
		0.44187477231025696,
		-0.24526715278625488,
		4.9148637581128405,
		1.0
	],
	"intrinsic" : 
	{
		"height" : 1034,
		"intrinsic_matrix" : 
		[
			895.47026751310966,
			0.0,
			0.0,
			0.0,
			895.47026751310966,
			0.0,
			957.5,
			516.5,
			1.0
		],
		"width" : 1916
	},
	"version_major" : 1,
	"version_minor" : 0
}